{"cameraMode":{"drawMode":0,"name":"Shaded","section":"Shading Mode"},"sceneLighting":false,"audioPlay":false,"sceneViewState":{"m_AlwaysRefresh":false,"showFog":true,"showSkybox":false,"showFlares":true,"showImageEffects":true,"showParticleSystems":true,"showVisualEffectGraphs":true,"m_FxEnabled":true},"in2DMode":false,"pivot":{"x":-0.16071224212646485,"y":6.3126678466796879,"z":0.21091532707214356},"rotation":{"x":0.21221788227558137,"y":0.3992387354373932,"z":-0.09561319649219513,"w":0.8868893384933472},"size":7.611058712005615,"orthographic":false}